file,notes,authors,licenses,urls
arms/armour/plate/male,"original by wulax, recolors by bigbeargames; adapted to v3 bases and further recolors by bluecarrot16, climb/emote/jump by JaidynReiman","Michael Whitlock (bigbeargames), Matthew Krohn (makrohn), Johannes Sjölund (wulax), bluecarrot16, JaidynReiman","OGA-BY 3.0, CC-BY-SA 3.0, GPL 3.0",https://opengameart.org/content/lpc-medieval-fantasy-character-sprites http://opengameart.org/content/lpc-clothing-updates
beards/beard/basic,"Original by Nemisys, repositioning by JaidynReiman.","JaidynReiman, Carlo Enrico Victoria (Nemisys)","CC-BY-SA 3.0, GPL 3.0",https://opengameart.org/content/lpc-white-beard
beards/beard/medium,,ElizaWy,OGA-BY 3.0,https://github.com/ElizaWy/LPC/tree/main/Characters/Hair https://opengameart.org/content/lpc-expanded-sit-run-jump-more
beards/beard/trimmed,,ElizaWy,OGA-BY 3.0,https://github.com/ElizaWy/LPC/tree/main/Characters/Hair https://opengameart.org/content/lpc-expanded-sit-run-jump-more
beards/beard/winter,,bluecarrot16,CC0,https://opengameart.org/content/lpc-santa
beards/mustache/horseshoe,,ElizaWy,OGA-BY 3.0,https://github.com/ElizaWy/LPC/tree/main/Characters/Hair https://opengameart.org/content/lpc-expanded-sit-run-jump-more
beards/mustache/lampshade,,ElizaWy,OGA-BY 3.0,https://github.com/ElizaWy/LPC/tree/main/Characters/Hair https://opengameart.org/content/lpc-expanded-sit-run-jump-more
body/bodies/female,see details at https://opengameart.org/content/lpc-character-bases,"Benjamin K. Smith (BenCreating), bluecarrot16, TheraHedwig, Evert, MuffinElZangano, Durrani, Pierre Vigier (pvigier), ElizaWy, Matthew Krohn (makrohn), Johannes Sjölund (wulax), Stephen Challener (Redshrike)","OGA-BY 3.0, CC-BY-SA 3.0, GPL 3.0",https://opengameart.org/content/liberated-pixel-cup-lpc-base-assets-sprites-map-tiles https://opengameart.org/content/lpc-medieval-fantasy-character-sprites https://opengameart.org/content/lpc-ladies https://opengameart.org/content/lpc-7-womens-shirts https://opengameart.org/content/lpc-jump-expanded https://opengameart.org/content/lpc-be-seated https://opengameart.org/content/lpc-revised-character-basics https://gitlab.com/vagabondgame/lpc-characters https://opengameart.org/content/lpc-male-jumping-animation-by-durrani https://opengameart.org/content/lpc-runcycle-and-diagonal-walkcycle
body/bodies/male,see details at https://opengameart.org/content/lpc-character-bases; 'Thick' Male Revised Run/Climb by JaidynReiman (based on ElizaWy's LPC Revised),"bluecarrot16, JaidynReiman, Benjamin K. Smith (BenCreating), Evert, Eliza Wyatt (ElizaWy), TheraHedwig, MuffinElZangano, Durrani, Johannes Sjölund (wulax), Stephen Challener (Redshrike)","OGA-BY 3.0, CC-BY-SA 3.0, GPL 3.0",https://opengameart.org/content/liberated-pixel-cup-lpc-base-assets-sprites-map-tiles https://opengameart.org/content/lpc-medieval-fantasy-character-sprites https://opengameart.org/content/lpc-male-jumping-animation-by-durrani https://opengameart.org/content/lpc-runcycle-and-diagonal-walkcycle https://opengameart.org/content/lpc-revised-character-basics https://opengameart.org/content/lpc-be-seated https://opengameart.org/content/lpc-runcycle-for-male-muscular-and-pregnant-character-bases-with-modular-heads https://opengameart.org/content/lpc-jump-expanded https://opengameart.org/content/lpc-character-bases
body/bodies/skeleton,,"bluecarrot16, Napsio, JaidynReiman, Johannes Sjölund (wulax), Stephen Challener (Redshrike)","OGA-BY 3.0, CC-BY-SA 3.0, GPL 3.0",https://opengameart.org/content/liberated-pixel-cup-lpc-base-assets-sprites-map-tiles https://opengameart.org/content/lpc-medieval-fantasy-character-sprites https://opengameart.org/content/lpc-skeleton https://opengameart.org/content/lpc-character-bases
body/tail/lizard,"edited for v3 bases and recolored by bluecarrot16, additional animations added by JaidynReiman","Nila122, bluecarrot16, JaidynReiman","OGA-BY 3.0, CC-BY-SA 3.0, GPL 3.0",https://opengameart.org/content/drakes-and-lizardfolk
body/tail/wolf,,JaidynReiman,"OGA-BY 3.0+, CC-BY 3.0+, GPL 3.0",https://opengameart.org/content/lpc-furry-ears-tails-for-rpg-sprites
cape/solid/bg,,"Nila122, JaidynReiman","OGA-BY 3.0, CC-BY-SA 3.0, GPL 3.0",https://opengameart.org/content/lpc-curly-hair-elven-ears-white-cape-with-blue-trim-and-more https://opengameart.org/content/lpc-roman-armor
cape/solid/fg,,"bluecarrot16, JaidynReiman","OGA-BY 3.0, CC-BY-SA 3.0, GPL 3.0",https://opengameart.org/content/lpc-curly-hair-elven-ears-white-cape-with-blue-trim-and-more https://opengameart.org/content/lpc-roman-armor http://opengameart.org/content/lpc-clothing-updates
dress/bodice,"original princess.xcf by Sharm, extended to all poses by makrohn, edited to v3 bases and animation cleanup by bluecarrot16","bluecarrot16, Matthew Krohn (makrohn), Lanea Zimmerman (Sharm)","OGA-BY 3.0, CC-BY-SA 3.0, GPL 3.0",https://opengameart.org/content/liberated-pixel-cup-lpc-base-assets-sprites-map-tiles https://opengameart.org/content/lpc-dress-in-combat-poses http://opengameart.org/content/lpc-clothing-updates
feet/armour/plate,"original by wulax, recolors by bigbeargames, edits for v3 base and recolors by bluecarrot16","Matthew Krohn (makrohn), Johannes Sjölund (wulax)","OGA-BY 3.0, CC-BY-SA 3.0, GPL 3.0",https://opengameart.org/content/lpc-medieval-fantasy-character-sprites
feet/boots/basic,"original by Nila122, edited for male and v3 bases by bluecarrot16, Jump/Sit/Emote/Run/Revised Combat by JaidynReiman","JaidynReiman, bluecarrot16, Nila122","OGA-BY 3.0, CC-BY-SA 3.0, GPL 2.0, GPL 3.0",https://opengameart.org/content/lpc-clothes-and-hair https://opengameart.org/content/lpc-expanded-socks-shoes
feet/boots/basic/thin,"original by Nila122, edited for v3 bases by bluecarrot16, Jump/Sit/Emote/Run/Revised Combat by JaidynReiman","JaidynReiman, bluecarrot16, Nila122","OGA-BY 3.0, CC-BY-SA 3.0, GPL 2.0, GPL 3.0",https://opengameart.org/content/lpc-clothes-and-hair https://opengameart.org/content/lpc-expanded-socks-shoes
feet/boots/fold,,JaidynReiman,"OGA-BY 3.0+, CC-BY 3.0+, GPL 3.0",https://opengameart.org/content/lpc-kimono-relm https://opengameart.org/content/lpc-expanded-socks-shoes
feet/boots/revised,"original by ElizaWy, remaining frames by JaidynReiman","ElizaWy, JaidynReiman, Stephen Challener (Redshrike), Johannes Sjölund (wulax)",OGA-BY 3.0,https://github.com/ElizaWy/LPC/tree/main/Characters/Clothing https://opengameart.org/content/lpc-expanded-sit-run-jump-more https://opengameart.org/content/lpc-expanded-socks-shoes
feet/boots/revised/male,"original overalls and boots by ElizaWy, base animations adapted from v3 overalls by bluecarrot16, boots by JaidynReiman","JaidynReiman, ElizaWy, Bluecarrot16, Stephen Challener (Redshrike), Johannes Sjölund (wulax)","OGA-BY 3.0, GPL 3.0",https://github.com/ElizaWy/LPC/tree/main/Characters/Clothing https://opengameart.org/content/lpc-expanded-socks-shoes
feet/boots/rimmed,,JaidynReiman,"OGA-BY 3.0+, CC-BY 3.0+, GPL 3.0",https://opengameart.org/content/lpc-kimono-relm https://opengameart.org/content/lpc-expanded-socks-shoes
feet/sandals,"edited for v3 bases by bluecarrot16, Jump/Sit/Emote/Run/Revised Combat by JaidynReiman","Nila122, JaidynReiman, Matthew Krohn (makrohn), Johannes Sjölund (wulax)","OGA-BY 3.0, CC-BY-SA 3.0, GPL 2.0, GPL 3.0",https://opengameart.org/content/lpc-roman-armor http://opengameart.org/content/lpc-clothing-updates https://opengameart.org/content/lpc-expanded-socks-shoes
feet/shoes,"original by wulax, edited for v3 base by bluecarrot16, Jump/Sit/Emote/Run/Revised Combat by JaidynReiman","JaidynReiman, bluecarrot16, Johannes Sjölund (wulax)","OGA-BY 3.0, CC-BY-SA 3.0, GPL 3.0",https://opengameart.org/content/lpc-medieval-fantasy-character-sprites http://opengameart.org/content/lpc-clothing-updates https://opengameart.org/content/lpc-expanded-socks-shoes
feet/shoes/basic/thin,"original by wulax, edited for female base by Joe White, edited for v3 base by bluecarrot16, Jump/Sit/Emote/Run/Revised Combat by JaidynReiman","JaidynReiman, Joe White, Johannes Sjölund (wulax)","OGA-BY 3.0, CC-BY-SA 3.0, GPL 3.0",https://opengameart.org/content/lpc-medieval-fantasy-character-sprites http://opengameart.org/content/lpc-clothing-updates https://opengameart.org/content/lpc-expanded-socks-shoes
feet/shoes/ghillies,"original by pennomi, laetissima and makrohn; edited for v3 bases by bluecarrot16, Jump/Sit/Emote/Run/Revised Combat by JaidynReiman","bluecarrot16, JaidynReiman, Thane Brimhall (pennomi), laetissima, Matthew Krohn (makrohn)","CC-BY-SA 3.0, GPL 3.0",https://opengameart.org/content/lpc-2-characters http://opengameart.org/content/lpc-clothing-updates https://opengameart.org/content/lpc-expanded-socks-shoes
feet/shoes/revised,"original by ElizaWy, remaining frames by JaidynReiman","ElizaWy, JaidynReiman",OGA-BY 3.0,https://github.com/ElizaWy/LPC/tree/main/Characters/Clothing https://opengameart.org/content/lpc-expanded-sit-run-jump-more https://opengameart.org/content/lpc-expanded-socks-shoes
feet/shoes/revised/male,"original overalls and shoes by ElizaWy, base animations adapted from v3 overalls by bluecarrot16, shoes by JaidynReiman","JaidynReiman, ElizaWy, Bluecarrot16, Stephen Challener (Redshrike), Johannes Sjölund (wulax)","OGA-BY 3.0, GPL 3.0",https://github.com/ElizaWy/LPC/tree/main/Characters/Clothing https://opengameart.org/content/lpc-expanded-socks-shoes
feet/shoes/sara/male,"LPC Sara by Redshrike, contributed by William Thompsonj, Shoes Separated by Bluecarrot16, Male Version and Jump/Sit/Emote/Run/Revised Combat by JaidynReiman","JaidynReiman, Bluecarrot16, Mandi Paugh, Stephen Challener (Redshrike), William.Thompsonj","OGA-BY 3.0, CC-BY 3.0+, GPL 2.0, GPL 3.0",http://opengameart.org/content/sara-wizard https://opengameart.org/content/lpc-sara https://opengameart.org/content/lpc-expanded-socks-shoes
feet/shoes/sara/thin,"LPC Sara by Redshrike, contributed by William Thompsonj, Shoes Separated by Bluecarrot16, Jump/Sit/Emote/Run/Revised Combat by JaidynReiman","JaidynReiman, Bluecarrot16, Mandi Paugh, Stephen Challener (Redshrike), William.Thompsonj","OGA-BY 3.0, CC-BY 3.0+, GPL 2.0, GPL 3.0",http://opengameart.org/content/sara-wizard https://opengameart.org/content/lpc-sara https://opengameart.org/content/lpc-expanded-socks-shoes
hair/bangs_bun,"Original by bluecarrot16, animated by ElizaWy.","ElizaWy, bluecarrot16",CC0,https://opengameart.org/content/lpc-hair https://github.com/ElizaWy/LPC/blob/main/Characters/Hair https://opengameart.org/content/lpc-expanded-sit-run-jump-more
hair/bangsshort,,"JaidynReiman, Manuel Riecke (MrBeast)","CC-BY-SA 3.0, GPL 3.0",https://opengameart.org/content/lpc-medieval-fantasy-character-sprites https://opengameart.org/content/lpc-expanded-hair
hair/bob,Original by bluecarrot16. Edited and animated by ElizaWy.,"ElizaWy, bluecarrot16",CC0,https://opengameart.org/content/lpc-hair https://github.com/ElizaWy/LPC/blob/main/Characters/Hair https://opengameart.org/content/lpc-expanded-sit-run-jump-more
hair/cornrows,"Original by bluecarrot16, animated by ElizaWy.","ElizaWy, bluecarrot16",CC0,https://opengameart.org/content/lpc-hair https://github.com/ElizaWy/LPC/blob/main/Characters/Hair https://opengameart.org/content/lpc-expanded-sit-run-jump-more
hair/cowlick,"Original by bluecarrot16, animated by ElizaWy.","ElizaWy, bluecarrot16",CC0,https://opengameart.org/content/lpc-hair https://github.com/ElizaWy/LPC/blob/main/Characters/Hair https://opengameart.org/content/lpc-expanded-sit-run-jump-more
hair/cowlick_tall,,"Fabzy, bluecarrot16",CC-BY-SA 3.0,https://opengameart.org/content/the-revolution-hair https://opengameart.org/content/lpc-hair
hair/curls_large_xlong,,JaidynReiman,"OGA-BY 3.0+, CC-BY 3.0+, GPL 3.0+",https://opengameart.org/content/lpc-expanded-xlong-hair
hair/curly_short,,ElizaWy,OGA-BY 3.0,https://opengameart.org/content/lpc-hair https://opengameart.org/content/lpc-expanded-sit-run-jump-more
hair/curly_short2,,ElizaWy,OGA-BY 3.0,https://github.com/ElizaWy/LPC/tree/main/Characters/Hair https://opengameart.org/content/lpc-expanded-sit-run-jump-more
hair/extensions/ponytails/topknot_long,,JaidynReiman,"OGA-BY 3.0+, CC-BY 3.0+, CC-BY-SA 3.0, GPL 3.0",https://opengameart.org/content/lpc-1-hairstyle-2-hair-extensions-3-previously-unofficially-released-hairstyles
hair/extensions/ponytails/topknot_short,,JaidynReiman,"OGA-BY 3.0+, CC-BY 3.0+, CC-BY-SA 3.0, GPL 3.0",https://opengameart.org/content/lpc-1-hairstyle-2-hair-extensions-3-previously-unofficially-released-hairstyles
hair/flat_top_fade,"Original by bluecarrot16, animated by ElizaWy.","ElizaWy, bluecarrot16",CC0,https://opengameart.org/content/lpc-hair https://github.com/ElizaWy/LPC/blob/main/Characters/Hair https://opengameart.org/content/lpc-expanded-sit-run-jump-more
hair/half_up,,ElizaWy,OGA-BY 3.0,https://opengameart.org/content/lpc-hair
hair/high_ponytail,,"JaidynReiman, ElizaWy, bluecarrot16",OGA-BY 3.0,https://opengameart.org/content/lpc-hair https://opengameart.org/content/lpc-expanded-hair
hair/long,,"JaidynReiman, Manuel Riecke (MrBeast)","CC-BY-SA 3.0, GPL 3.0",https://opengameart.org/content/liberated-pixel-cup-lpc-base-assets-sprites-map-tiles https://opengameart.org/content/lpc-expanded-hair
hair/long_messy,(puck),"Mandi Paugh, bluecarrot16","GPL 2.0, GPL 3.0, CC-BY 3.0",https://opengameart.org/content/puck-overland https://opengameart.org/content/lpc-hair
hair/long_straight,,"JaidynReiman, thecilekli, bluecarrot16",CC0,https://opengameart.org/content/lpc-long-straight-hair-with-12-colors https://opengameart.org/content/lpc-hair https://opengameart.org/content/lpc-expanded-hair
hair/long_tied,,"JaidynReiman, thecilekli, bluecarrot16",CC0,https://opengameart.org/content/lpc-long-tied-hair-with-12-colors https://opengameart.org/content/lpc-hair https://opengameart.org/content/lpc-expanded-hair
hair/page,,"Page, Johannes Sjölund (wulax)","OGA-BY 3.0, CC-BY-SA 3.0, GPL 3.0",https://opengameart.org/content/lpc-medieval-fantasy-character-sprites https://opengameart.org/content/lpc-expanded-hair
hair/parted2,,"Skorpio, bluecarrot16","CC-BY-SA 3.0, GPL 3.0",https://opengameart.org/content/lpc-skorpios-scifi-sprite-pack https://opengameart.org/content/lpc-hair
hair/parted_side_bangs,,JaidynReiman,"OGA-BY 3.0+, CC-BY 3.0+, CC-BY-SA 3.0, GPL 3.0",https://opengameart.org/content/lpc-1-hairstyle-2-hair-extensions-3-previously-unofficially-released-hairstyles https://github.com/jrconway3/Universal-LPC-spritesheet/commit/46ddcf05a0e43e7aa6ffd47d350eef0eb529ac24
hair/parted_side_bangs2,,JaidynReiman,"OGA-BY 3.0+, CC-BY 3.0+, CC-BY-SA 3.0, GPL 3.0",https://opengameart.org/content/lpc-1-hairstyle-2-hair-extensions-3-previously-unofficially-released-hairstyles https://github.com/jrconway3/Universal-LPC-spritesheet/commit/46ddcf05a0e43e7aa6ffd47d350eef0eb529ac24
hair/pigtails,(betty),"Radomir Dopieralski, bluecarrot16","CC-BY-SA 3.0, GPL 3.0",https://opengameart.org/content/one-more-lpc-alternate-character https://opengameart.org/content/lpc-hair
hair/plain,,"JaidynReiman, Manuel Riecke (MrBeast), Joe White","OGA-BY 3.0, CC-BY-SA 3.0, GPL 3.0",https://opengameart.org/content/liberated-pixel-cup-lpc-base-assets-sprites-map-tiles https://opengameart.org/content/ponytail-and-plain-hairstyles https://opengameart.org/content/lpc-expanded-hair
hair/ponytail2,,"JaidynReiman, Manuel Riecke (MrBeast), Joe White","OGA-BY 3.0, CC-BY-SA 3.0, GPL 3.0",https://opengameart.org/content/liberated-pixel-cup-lpc-base-assets-sprites-map-tiles https://opengameart.org/content/ponytail-and-plain-hairstyles https://opengameart.org/content/lpc-expanded-hair
hair/relm_short,,JaidynReiman,"OGA-BY 3.0+, CC-BY 3.0+, GPL 3.0",https://opengameart.org/content/lpc-relm-hair-xlong-ponytail
hair/relm_xlong,,JaidynReiman,"OGA-BY 3.0+, CC-BY 3.0+, GPL 3.0",https://opengameart.org/content/lpc-expanded-xlong-hair
hair/shoulderl,,"JaidynReiman, Lanea Zimmerman (Sharm), Manuel Riecke (MrBeast)","OGA-BY 3.0, CC-BY-SA 3.0, GPL 3.0",https://opengameart.org/content/liberated-pixel-cup-lpc-base-assets-sprites-map-tiles https://github.com/jrconway3/Universal-LPC-spritesheet/commit/c32ce8a7edd9fc7fe7daa62a39cf64e5946020a2 https://opengameart.org/content/lpc-expanded-hair
hair/spiked,,kcilds/Rocetti/Eredah,CC-BY 4.0,https://opengameart.org/content/eredah-rpg-character-base-48x64-ongoing https://opengameart.org/content/lpc-hair
hair/spiked_liberty,,"Fabzy, bluecarrot16",CC-BY-SA 3.0,https://opengameart.org/content/the-revolution-hair https://opengameart.org/content/lpc-hair
hair/spiked_liberty2,,"Cobra Hubbard (BlueVortexGames), bluecarrot16",CC-BY 3.0,https://opengameart.org/content/anime-lpc-hair https://opengameart.org/content/lpc-hair
hair/spiked_porcupine,,"Fabzy, bluecarrot16",CC-BY-SA 3.0,https://opengameart.org/content/the-revolution-hair https://opengameart.org/content/lpc-hair
hair/swoop,,"JaidynReiman, Manuel Riecke (MrBeast)","CC-BY-SA 3.0, GPL 3.0",https://opengameart.org/content/liberated-pixel-cup-lpc-base-assets-sprites-map-tiles https://opengameart.org/content/lpc-expanded-hair
hair/unkempt,,"JaidynReiman, Manuel Riecke (MrBeast)","CC-BY-SA 3.0, GPL 3.0",https://opengameart.org/content/liberated-pixel-cup-lpc-base-assets-sprites-map-tiles https://opengameart.org/content/lpc-expanded-hair
hair/wavy,,"JaidynReiman, Nila122","OGA-BY 3.0, CC-BY-SA 3.0, GPL 2.0, GPL 3.0",https://opengameart.org/content/3-hairs-for-lpc https://opengameart.org/content/lpc-expanded-hair
hat/cloth/bandana,,"Matthew Krohn (makrohn), JaidynReiman, Marcel van de Steeg (MadMarcel), JaidynReiman","OGA-BY 3.0, CC-BY-SA 3.0",https://opengameart.org/content/lpc-female-orcogregoblintroll-base-walkcycle https://github.com/makrohn/Universal-LPC-spritesheet/commit/f50007cb47c235d8896cafae7a613f0b6a9a09a8?short_path=02b86d4#diff-02b86d45789a3e3e8e79519c7d17d15c9e6ecc9b4ddecb1bcd8dfbbaef430b75 https://opengameart.org/content/lpc-expanded-hats-facial-helmets
hat/cloth/leather_cap,"original by Johannes Sjölund (wulax), female by Matthew Krohn, mapped to all frames w/recolors by JaidynReiman","Johannes Sjölund (wulax), Matthew Krohn (Makrohn), JaidynReiman","OGA-BY 3.0, CC-BY-SA 3.0, GPL 3.0",https://opengameart.org/content/lpc-medieval-fantasy-character-sprites https://opengameart.org/content/lpc-expanded-hats-facial-helmets
hat/formal/crown,,"DarkwallLKE, Charles Sanchez (CharlesGabriel)","CC-BY-SA 3.0, GPL 3.0",https://opengameart.org/content/liberated-pixel-cup-lpc-base-assets-sprites-map-tiles https://opengameart.org/content/lpc-crown https://opengameart.org/content/lpc-expanded-hats-facial-helmets
hat/formal/tiara,,Luke Mehl,"CC-BY-SA 3.0, GPL 3.0",https://opengameart.org/content/female-mage-clothing-set https://opengameart.org/content/lpc-expanded-hats-facial-helmets
hat/formal/tophat,,bluecarrot16,"CC-BY-SA 3.0, GPL 3.0",https://opengameart.org/content/lpc-gentleman https://opengameart.org/content/lpc-expanded-hats-facial-helmets
hat/helmet/barbarian_viking,"original version by bluecarrot16, color reduction by Napsio (Vitruvian Studio)","bluecarrot16, JaidynReiman, Napsio (Vitruvian Studio)","CC-BY 3.0, CC-BY 4.0, OGA-BY 3.0, GPL 2.0, GPL 3.0",https://opengameart.org/content/lpc-helmets https://opengameart.org/content/lpc-expanded-hats-facial-helmets
hat/helmet/barbuta,,bluecarrot16,"OGA-BY 3.0, CC-BY 3.0, CC-BY 4.0, GPL 2.0, GPL 3.0",https://opengameart.org/content/lpc-helmets https://opengameart.org/content/lpc-expanded-hats-facial-helmets
hat/helmet/greathelm,,bluecarrot16,"OGA-BY 3.0, CC-BY 3.0, CC-BY 4.0, GPL 2.0, GPL 3.0",https://opengameart.org/content/lpc-helmets https://opengameart.org/content/lpc-expanded-hats-facial-helmets
hat/helmet/kettle,"previously referred to as chain-hat, color reduction by Napsio (Vitruvian Studio)","Johannes Sjölund (wulax), JaidynReiman, Napsio (Vitruvian Studio)","OGA-BY 3.0, CC-BY-SA 3.0, GPL 3.0",https://opengameart.org/content/lpc-medieval-fantasy-character-sprites https://opengameart.org/content/lpc-expanded-hats-facial-helmets
hat/helmet/legion,,"bluecarrot16, Nila122, JaidynReiman, Matthew Krohn (makrohn), Johannes Sjölund (wulax)","OGA-BY 3.0, CC-BY-SA 3.0, GPL 2.0, GPL 3.0",https://opengameart.org/content/lpc-roman-armor https://opengameart.org/content/lpc-expanded-hats-facial-helmets
hat/helmet/nasal,,bluecarrot16,"CC-BY 3.0, CC-BY 4.0, OGA-BY 3.0, GPL 2.0, GPL 3.0",https://opengameart.org/content/lpc-helmets https://opengameart.org/content/lpc-expanded-hats-facial-helmets
hat/magic/celestial,"Original by Tracy, Adapted to ULPC by Big Bear Games, reduced colors by Napsio","Napsio (Vitruvian Studio), Michael Whitlock (bigbeargames), Tracy",CC-BY 3.0,https://opengameart.org/content/lpc-celestial-wizard-hats https://opengameart.org/content/lpc-expanded-hats-facial-helmets
hat/magic/wizard,Original Wizard Hat and Recolors by bigbeargames and reemax; split into separate layers with new recolors by JaidynReiman,"Michael Whitlock (bigbeargames), Tuomo Untinen (reemax), JaidynReiman","CC-BY-SA 3.0, GPL 2.0, GPL 3.0",https://opengameart.org/content/lpc-items-and-game-effects https://opengameart.org/content/lpc-pointed-hats https://opengameart.org/content/lpc-expanded-hats-facial-helmets
hat/pirate/bandana,"Original Bandana by Fabzy, Pirate Version by Bluecarrot16, layers and added animations by JaidynReiman","bluecarrot16, Fabzy",CC-BY-SA 3.0,https://opengameart.org/content/the-revolution-hair https://opengameart.org/content/lpc-pirates https://opengameart.org/content/lpc-expanded-hats-facial-helmets
hat/pirate/cavalier,"Cavalier Hat by Bluecarrot16, layers and added animations by JaidynReiman","bluecarrot16, JaidynReiman",OGA-BY 3.0,https://opengameart.org/content/lpc-pirates https://opengameart.org/content/lpc-expanded-hats-facial-helmets
hat/pirate/tricorne,"Pirate Hat by Bluecarrot16, layers and added animations by JaidynReiman",bluecarrot16,OGA-BY 3.0,https://opengameart.org/content/lpc-pirates https://opengameart.org/content/lpc-expanded-hats-facial-helmets
hat/pirate/tricorne/captain,"Pirate Hat by Bluecarrot16, layers and added animations by JaidynReiman",bluecarrot16,OGA-BY 3.0,https://opengameart.org/content/lpc-pirates https://opengameart.org/content/lpc-expanded-hats-facial-helmets
head/ears/elven,adapted to v3 base by bluecarrot16; expanded to other animations and child by JaidynReiman,"JaidynReiman, bluecarrot16, Thane Brimhall (pennomi), laetissima, Matthew Krohn (makrohn), JaidynReiman","GPL 3.0, CC-BY-SA 3.0",https://opengameart.org/content/lpc-base-character-expressions http://opengameart.org/content/lpc-clothing-updates
head/heads/goblin,"original goblin by Redshrike, commisioned by William.Thomsponj; modular head extracted and enlarged by bluecarrot16","bluecarrot16, Stephen Challener (Redshrike), William.Thomsponj","OGA-BY 3.0, CC-BY 4.0, GPL 2.0, GPL 3.0",https://opengameart.org/content/lpc-goblin https://opengameart.org/content/lpc-folk
head/heads/human/female,"original head by Redshrike, tweaks by BenCreating, modular version by bluecarrot16","bluecarrot16, Benjamin K. Smith (BenCreating), Stephen Challener (Redshrike)","OGA-BY 3.0, CC-BY-SA 3.0, GPL 3.0",https://opengameart.org/content/ https://opengameart.org/content/lpc-character-bases
head/heads/human/female_small,"original head by Redshrike, reduced size head by ElizaWy","ElizaWy, Stephen Challener (Redshrike)","OGA-BY 3.0, CC-BY",
head/heads/human/male,"original head by Redshrike, tweaks by BenCreating, modular version by bluecarrot16","bluecarrot16, Benjamin K. Smith (BenCreating), Stephen Challener (Redshrike)","OGA-BY 3.0, CC-BY-SA 3.0, GPL 3.0",https://opengameart.org/content/liberated-pixel-cup-lpc-base-assets-sprites-map-tiles https://opengameart.org/content/lpc-character-bases
head/heads/human/male_elderly,,"Benjamin K. Smith (BenCreating), Eliza Wyatt (ElizaWy), Stephen Challener (Redshrike)","OGA-BY 3.0, CC-BY 3.0",https://opengameart.org/content/liberated-pixel-cup-lpc-base-assets-sprites-map-tiles https://opengameart.org/content/lpc-revised-elders https://opengameart.org/content/lpc-character-bases
head/heads/human/male_plump,"original head by Redshrike, plump version by ??","Stephen Challener (Redshrike), ??","CC-BY-SA 3.0, GPL 3.0",https://opengameart.org/content/liberated-pixel-cup-lpc-base-assets-sprites-map-tiles https://opengameart.org/content/lpc-folk
head/heads/human/male_small,"original head by Redshrike, reduced size head by ElizaWy","ElizaWy, Stephen Challener (Redshrike)","OGA-BY 3.0, CC-BY",
head/heads/lizard/male,"original lizard/drake by Nila122, reworked by BenCreating, modular head and further revisions by bluecarrot16. Nila122 gave blanket permission to MedicineStorm to use Nila122's LPC assets under OGA-BY 3.0 (where original or derived only from other works under OGA-BY).","bluecarrot16, Benjamin K. Smith (BenCreating), Nila122","OGA-BY 3.0, CC-BY-SA 3.0, GPL 3.0",https://opengameart.org/content/drakes-and-lizardfolk https://opengameart.org/content/lpc-character-bases
head/heads/minotaur,"original cow by daneeklu, combined with horns by Nila122 and adapted to minotaur by Evert","Evert, Nila122, Daniel Eddeland (daneeklu)","CC-BY-SA 3.0, GPL 3.0",https://opengameart.org/content/lpc-style-farm-animals https://opengameart.org/content/lpc-lizard-headgear https://opengameart.org/content/lpc-faun-and-minotaur
head/heads/orc/male,"Sinbad the ogre design by Zi Ye, original 4-direction sprite by Redshrike, additional hurt/cast animations by makrohn, headless version by bluecarrot16","bluecarrot16, Matthew Krohn (makrohn), Stephen Challener (Redshrike), Zi Ye","OGA-BY 3.0, CC-BY-SA 3.0, GPL 3.0",https://opengameart.org/content/four-characters-my-lpc-entries https://opengameart.org/content/sinbad-the-ogre https://opengameart.org/content/lpc-male-sheets https://opengameart.org/content/lpc-character-bases
head/heads/skeleton,,"bluecarrot16, Napsio, JaidynReiman, Johannes Sjölund (wulax), Stephen Challener (Redshrike)","OGA-BY 3.0, CC-BY-SA 3.0, GPL 3.0",https://opengameart.org/content/liberated-pixel-cup-lpc-base-assets-sprites-map-tiles https://opengameart.org/content/lpc-medieval-fantasy-character-sprites https://opengameart.org/content/lpc-skeleton https://opengameart.org/content/lpc-character-bases
head/heads/vampire,"original head by Redshrike, gaunt version by bluecarrot16, vampire fangs by bluecarrot16","Stephen Challener (Redshrike), bluecarrot16","OGA-BY 3.0, CC-BY-SA 3.0, GPL 3.0",https://opengameart.org/content/liberated-pixel-cup-lpc-base-assets-sprites-map-tiles https://opengameart.org/content/lpc-folk
head/heads/wolf/male,"original wolf animation by Redshrike, commissioned by William.Thompsonj; wolfman sprite by BenCreating, commissioned by castelonia; tweaks and headless version by bluecarrot16","bluecarrot16, Sander Frenken (castelonia), Benjamin K. Smith (BenCreating), William.Thompsonj, Stephen Challener (Redshrike)","CC-BY-SA 3.0, GPL 3.0",https://opengameart.org/content/liberated-pixel-cup-lpc-base-assets-sprites-map-tiles https://opengameart.org/content/lpc-wolf-animation https://opengameart.org/content/lpc-wolfman https://opengameart.org/content/lpc-character-bases
legs/armour/plate,"reduced to 7 colors an adapted to v3 bases by bluecarrot16, climb/jump/sit/emote/run by JaidynReiman","bluecarrot16, JaidynReiman, Michael Whitlock (bigbeargames), Matthew Krohn (makrohn), Johannes Sjölund (wulax)","OGA-BY 3.0, CC-BY-SA 3.0, GPL 3.0",https://opengameart.org/content/lpc-medieval-fantasy-character-sprites
legs/cuffed,"Original bases by Redshrike, thrust/shoot bases by Wulax, original cuffed pants by ElizaWy, climb/jump/run/sit/emotes/revised combat by JaidynReiman","ElizaWy, JaidynReiman, Johannes Sjölund (wulax), Stephen Challener (Redshrike)",OGA-BY 3.0,https://github.com/ElizaWy/LPC/tree/main/Characters/Clothing https://opengameart.org/content/lpc-expanded-sit-run-jump-more https://opengameart.org/content/lpc-expanded-pants
legs/cuffed/male,"Original bases by Redshrike, thrust/shoot bases by Wulax, original overalls by ElizaWy, base animations adapted from v3 overalls by bluecarrot16, pants by JaidynReiman","JaidynReiman, ElizaWy, Bluecarrot16, Johannes Sjölund (wulax), Stephen Challener (Redshrike)","OGA-BY 3.0, GPL 3.0",https://github.com/ElizaWy/LPC/tree/main/Characters/Clothing https://opengameart.org/content/lpc-expanded-sit-run-jump-more https://opengameart.org/content/lpc-expanded-pants
legs/formal,"Original pants by Stephen Challener (Redshrike), thrust/shoot bases by Wulax, Formal Pants by Bluecarrot16, climb/jump/run/sit/emotes/revised combat by JaidynReiman","bluecarrot16, JaidynReiman, ElizaWy, Johannes Sjölund (wulax), Stephen Challener (Redshrike)","OGA-BY 3.0, CC-BY-SA 3.0, GPL 3.0",https://opengameart.org/content/liberated-pixel-cup-lpc-base-assets-sprites-map-tiles https://opengameart.org/content/lpc-medieval-fantasy-character-sprites https://opengameart.org/content/lpc-2-characters https://opengameart.org/content/lpc-gentleman https://opengameart.org/content/lpc-expanded-pants
legs/formal/thin,"Original pants by Stephen Challener (Redshrike), thrust/shoot bases by Wulax, Formal Pants by Bluecarrot16, Female/Thin version by JaidynReiman","bluecarrot16, JaidynReiman, ElizaWy, Johannes Sjölund (wulax), Stephen Challener (Redshrike)","OGA-BY 3.0, CC-BY-SA 3.0, GPL 3.0",https://opengameart.org/content/liberated-pixel-cup-lpc-base-assets-sprites-map-tiles https://opengameart.org/content/lpc-medieval-fantasy-character-sprites https://opengameart.org/content/lpc-2-characters https://opengameart.org/content/lpc-gentleman https://opengameart.org/content/lpc-expanded-pants
legs/formal_striped,"Original pants by Stephen Challener (Redshrike), thrust/shoot bases by Wulax, Striped Formal Pants by Bluecarrot16, climb/jump/run/sit/emotes/revised combat by JaidynReiman","bluecarrot16, JaidynReiman, ElizaWy, Johannes Sjölund (wulax), Stephen Challener (Redshrike)","OGA-BY 3.0, CC-BY-SA 3.0, GPL 3.0",https://opengameart.org/content/liberated-pixel-cup-lpc-base-assets-sprites-map-tiles https://opengameart.org/content/lpc-medieval-fantasy-character-sprites https://opengameart.org/content/lpc-2-characters https://opengameart.org/content/lpc-gentleman https://opengameart.org/content/lpc-expanded-pants
legs/pantaloons,"Original bases by Redshrike, thrust/shoot bases by Wulax, Original Pantaloons by Nila122, climb/jump/run/sit/emotes/revised combat by JaidynReiman","Nila122, JaidynReiman, Johannes Sjölund (wulax), Stephen Challener (Redshrike)","OGA-BY 3.0, GPL 2.0, GPL 3.0, CC-BY-SA 3.0",https://opengameart.org/content/lpc-pirates https://opengameart.org/content/more-lpc-clothes-and-hair https://opengameart.org/content/lpc-expanded-pants
legs/pantaloons/thin,"Original bases by Redshrike, thrust/shoot bases by Wulax, Original Pantaloons by Nila122, Female/Teen version by JaidynReiman","Nila122, JaidynReiman, Johannes Sjölund (wulax), Stephen Challener (Redshrike)","OGA-BY 3.0, CC-BY-SA 3.0, GPL 2.0, GPL 3.0",https://opengameart.org/content/lpc-pirates https://opengameart.org/content/more-lpc-clothes-and-hair https://opengameart.org/content/lpc-expanded-pants
legs/pants/male,"original male pants by wulax, recolors and edits to v3 base by bluecarrot16, climb/jump/run/sit/emotes/revised combat by JaidynReiman based on ElizaWy's LPC Revised","bluecarrot16, JaidynReiman, ElizaWy, Matthew Krohn (makrohn), Johannes Sjölund (wulax), Stephen Challener (Redshrike)","OGA-BY 3.0, GPL 3.0, CC-BY-SA 3.0",https://opengameart.org/content/liberated-pixel-cup-lpc-base-assets-sprites-map-tiles https://opengameart.org/content/lpc-medieval-fantasy-character-sprites https://opengameart.org/content/lpc-expanded-pants
legs/pants/thin,"original male pants by wulax, edited for female by Joe White, recolors and edits to v3 base by bluecarrot16, teen legs by ElizaWy derived from base, climb/jump/run/sit/emotes/revised combat by JaidynReiman based on ElizaWy's LPC Revised","bluecarrot16, JaidynReiman, ElizaWy, Joe White, Matthew Krohn (makrohn), Johannes Sjölund (wulax), Stephen Challener (Redshrike)","OGA-BY 3.0, GPL 3.0, CC-BY-SA 3.0",https://opengameart.org/content/liberated-pixel-cup-lpc-base-assets-sprites-map-tiles https://opengameart.org/content/lpc-medieval-fantasy-character-sprites http://opengameart.org/content/lpc-clothing-updates https://opengameart.org/content/lpc-expanded-pants
legs/pants2,"Original bases by Redshrike, thrust/shoot bases by Wulax, original pants by ElizaWy, climb/jump/run/sit/emotes/revised combat by JaidynReiman","ElizaWy, JaidynReiman, Johannes Sjölund (wulax), Stephen Challener (Redshrike)",OGA-BY 3.0,https://github.com/ElizaWy/LPC/tree/main/Characters/Clothing https://opengameart.org/content/lpc-expanded-sit-run-jump-more https://opengameart.org/content/lpc-expanded-pants
legs/pants2/male,"original overalls by ElizaWy, base animations adapted from v3 overalls by bluecarrot16, pants by JaidynReiman","JaidynReiman, ElizaWy, Bluecarrot16, Johannes Sjölund (wulax), Stephen Challener (Redshrike)","OGA-BY 3.0, GPL 3.0",https://github.com/ElizaWy/LPC/tree/main/Characters/Clothing https://opengameart.org/content/lpc-expanded-sit-run-jump-more https://opengameart.org/content/lpc-expanded-pants
legs/shorts/short_shorts,"Original bases by Redshrike, thrust/shoot bases by Wulax, original shorts by ElizaWy, climb/jump/run/sit/emotes/revised combat by JaidynReiman","ElizaWy, JaidynReiman, Johannes Sjölund (wulax), Stephen Challener (Redshrike)",OGA-BY 3.0,https://github.com/ElizaWy/LPC/tree/main/Characters/Clothing https://opengameart.org/content/lpc-expanded-sit-run-jump-more https://opengameart.org/content/lpc-expanded-pants
legs/shorts/shorts,"Original bases by Redshrike, thrust/shoot bases by Wulax, original shorts by ElizaWy, climb/jump/run/sit/emotes/revised combat by JaidynReiman","ElizaWy, JaidynReiman, Johannes Sjölund (wulax), Stephen Challener (Redshrike)",OGA-BY 3.0,https://github.com/ElizaWy/LPC/tree/main/Characters/Clothing https://opengameart.org/content/lpc-expanded-sit-run-jump-more https://opengameart.org/content/lpc-expanded-pants
legs/shorts/shorts/male,"Original bases by Redshrike, thrust/shoot bases by Wulax, original overalls and shorts by ElizaWy, base animations adapted from v3 overalls by bluecarrot16, shorts by JaidynReiman","JaidynReiman, ElizaWy, Bluecarrot16, Johannes Sjölund (wulax), Stephen Challener (Redshrike)","OGA-BY 3.0, GPL 3.0",https://github.com/ElizaWy/LPC/tree/main/Characters/Clothing https://opengameart.org/content/lpc-expanded-pants
legs/skirts/legion,"original by Nila122 to legion, adapted to v3 bases by bluecarrot16, climb/jump/sit/run by JaidynReiman","bluecarrot16, Nila122, JaidynReiman","OGA-BY 3.0, CC-BY-SA 3.0, GPL 2.0, GPL 3.0",https://opengameart.org/content/lpc-roman-armor http://opengameart.org/content/lpc-clothing-updates https://opengameart.org/content/lpc-expanded-armour
shield/crusader,,"bluecarrot16, Sander Frenken (castelonia)",OGA-BY 3.0,https://opengameart.org/content/lpc-shields
shield/heater/revised/wood,,"bluecarrot16, Sander Frenken (castelonia), ElizaWy, JaidynReiman",OGA-BY 3.0,https://opengameart.org/content/lpc-shields
shield/kite,,"DarkwallLKE, Tuomo Untinen (reemax), Michael Whitlock (bigbeargames)","CC-BY-SA 3.0, GPL 2.0, GPL 3.0",https://opengameart.org/content/lpc-kite-shield https://opengameart.org/content/lpc-shields-pack
shield/round,,"Johannes Sjölund (wulax), Michael Whitlock (bigbeargames), DarkwallLKE, Tuomo Untinen (reemax)","OGA-BY 3.0, CC-BY-SA 3.0, GPL 3.0",https://opengameart.org/content/lpc-medieval-fantasy-character-sprites https://opengameart.org/content/lpc-shields-pack
shield/scutum,,"bluecarrot16, Sander Frenken (castelonia)",OGA-BY 3.0,https://opengameart.org/content/lpc-shields
shoulders/legion,,Nila122,"OGA-BY 3.0, CC-BY-SA 3.0, GPL 2.0, GPL 3.0",https://opengameart.org/content/lpc-roman-armor
tools/hammer,"original by bluecarrot16, color reduced by JaidynReiman","bluecarrot16, JaidynReiman, Pierre Vigier (pvigier), Tuomo Untinen (reemax)","OGA-BY-3.0, CC-BY 4.0, CC-BY-SA 3.0+, GPL 2.0+",https://opengameart.org/content/lpc-hand-tools
torso/aprons/overalls,"original overalls by ElizaWy, extended to all animation frames, adapted from teen to male base, and edited for v3 bases by bluecarrot16; extended to combat animations by JaidynReiman","ElizaWy, bluecarrot16, JaidynReiman","OGA-BY 3.0, GPL 3.0",https://opengameart.org/content/lpc-revised-character-basics http://opengameart.org/content/lpc-clothing-updates
torso/aprons/suspenders,original by ElizaWy; spellcast/thrust/shoot/hurt/combat adapted from original by JaidynReiman,"ElizaWy, JaidynReiman",OGA-BY 3.0,https://github.com/ElizaWy/LPC/tree/main/Characters/Clothing https://opengameart.org/content/lpc-expanded-sit-run-jump-more
torso/armour/leather,"adapted to v3 bases by bluecarrot16, reduced colors and climb/emote/jump by JaidynReiman","Johannes Sjölund (wulax), bluecarrot16, JaidynReiman","OGA-BY 3.0, CC-BY-SA 3.0, GPL 3.0",https://opengameart.org/content/lpc-medieval-fantasy-character-sprites https://opengameart.org/content/lpc-clothing-updates https://opengameart.org/content/lpc-expanded-armor
torso/armour/legion,"adapted to v3 bases by bluecarrot16, jump/run/sit/combat and teen by JaidynReiman, color reduction to 6 colors inspired by Napsio (Vitruvian Studio)","Napsio (Vitruvian Studio), JaidynReiman, bluecarrot16, Nila122","OGA-BY 3.0, CC-BY-SA 3.0, GPL 2.0, GPL 3.0",https://opengameart.org/content/lpc-roman-armor
torso/armour/plate/male,"original by wulax, recolor by bigbeargames, color reduced to 7 colors and adapted to v3 bases by bluecarrot16, run/jump/sit/climb/revised combat by JaidynReiman, reduced colors to 6 (based on Napsio's Vitruvian)","Napsio (Vitruvian Studio), JaidynReiman, bluecarrot16, Michael Whitlock (bigbeargames), Johannes Sjölund (wulax)","OGA-BY 3.0, CC-BY-SA 3.0, GPL 3.0",https://opengameart.org/content/lpc-medieval-fantasy-character-sprites https://opengameart.org/content/lpc-combat-armor-for-women
torso/clothes/longsleeve/longsleeve/male,original by wulax; tweaks and further recolors by bluecarrot16; cleanup and climb/jump/run/sit/emote/revised combat adapted from LPC Revised by JaidynReiman,"JaidynReiman, Johannes Sjölund (wulax)","OGA-BY 3.0, CC-BY-SA 3.0, GPL 3.0",https://opengameart.org/content/lpc-medieval-fantasy-character-sprites http://opengameart.org/content/lpc-clothing-updates https://opengameart.org/content/lpc-revised-character-basics https://github.com/ElizaWy/LPC/tree/main/Characters/Clothing https://opengameart.org/content/lpc-expanded-sit-run-jump-more https://opengameart.org/content/lpc-expanded-simple-shirts
torso/clothes/longsleeve/longsleeve2,original by ElizaWy; spellcast/thrust/shoot/hurt/male adapted from original by JaidynReiman,"ElizaWy, JaidynReiman, Stephen Challener (Redshrike), Johannes Sjölund (wulax)",OGA-BY 3.0,https://opengameart.org/content/lpc-revised-character-basics https://github.com/ElizaWy/LPC/tree/main/Characters/Clothing https://opengameart.org/content/lpc-expanded-sit-run-jump-more https://opengameart.org/content/lpc-expanded-simple-shirts
torso/clothes/longsleeve/longsleeve2_buttoned,original by ElizaWy; spellcast/thrust/shoot/hurt/male adapted from original by JaidynReiman,"ElizaWy, JaidynReiman, Stephen Challener (Redshrike), Johannes Sjölund (wulax)",OGA-BY 3.0,http://opengameart.org/content/lpc-revised-character-basics https://github.com/ElizaWy/LPC/tree/main/Characters/Clothing https://opengameart.org/content/lpc-expanded-sit-run-jump-more https://opengameart.org/content/lpc-expanded-simple-shirts
torso/clothes/longsleeve/longsleeve2_cardigan,original by ElizaWy; spellcast/thrust/shoot/hurt/male adapted from original by JaidynReiman,"ElizaWy, JaidynReiman, Stephen Challener (Redshrike), Johannes Sjölund (wulax)",OGA-BY 3.0,http://opengameart.org/content/lpc-revised-character-basics https://github.com/ElizaWy/LPC/tree/main/Characters/Clothing https://opengameart.org/content/lpc-expanded-sit-run-jump-more https://opengameart.org/content/lpc-expanded-simple-shirts
torso/clothes/longsleeve/longsleeve2_polo,original by ElizaWy; spellcast/thrust/shoot/hurt/male adapted from original by JaidynReiman,"ElizaWy, JaidynReiman, Stephen Challener (Redshrike), Johannes Sjölund (wulax)",OGA-BY 3.0,http://opengameart.org/content/lpc-revised-character-basics https://github.com/ElizaWy/LPC/tree/main/Characters/Clothing https://opengameart.org/content/lpc-expanded-sit-run-jump-more https://opengameart.org/content/lpc-expanded-simple-shirts
torso/clothes/longsleeve/longsleeve2_scoop,original by ElizaWy; spellcast/thrust/shoot/hurt/male adapted from original by JaidynReiman,"ElizaWy, JaidynReiman, Stephen Challener (Redshrike), Johannes Sjölund (wulax)",OGA-BY 3.0,http://opengameart.org/content/lpc-revised-character-basics https://github.com/ElizaWy/LPC/tree/main/Characters/Clothing https://opengameart.org/content/lpc-expanded-sit-run-jump-more https://opengameart.org/content/lpc-expanded-simple-shirts
torso/clothes/longsleeve/longsleeve2_vneck,original by ElizaWy; spellcast/thrust/shoot/hurt/male adapted from original by JaidynReiman,"ElizaWy, JaidynReiman, Stephen Challener (Redshrike), Johannes Sjölund (wulax)",OGA-BY 3.0,http://opengameart.org/content/lpc-revised-character-basics https://github.com/ElizaWy/LPC/tree/main/Characters/Clothing https://opengameart.org/content/lpc-expanded-sit-run-jump-more https://opengameart.org/content/lpc-expanded-simple-shirts
torso/clothes/longsleeve/longsleeves/female,"original by ElizaWy, edited to v3 bases by bluecarrot16; cleanup and climb/jump/run/sit/emote/revised combat adapted from LPC Revised by JaidynReiman","bluecarrot16, ElizaWy, JaidynReiman, Stephen Challener (Redshrike)","OGA-BY 3.0, CC-BY-SA 3.0, GPL 3.0",https://opengameart.org/content/liberated-pixel-cup-lpc-base-assets-sprites-map-tiles https://opengameart.org/content/lpc-7-womens-shirts http://opengameart.org/content/lpc-clothing-updates https://opengameart.org/content/lpc-revised-character-basics https://github.com/ElizaWy/LPC/tree/main/Characters/Clothing https://opengameart.org/content/lpc-expanded-sit-run-jump-more https://opengameart.org/content/lpc-expanded-simple-shirts
torso/clothes/longsleeve/longsleeves2,original by ElizaWy; spellcast/thrust/shoot/hurt/male/standalone sleeves adapted from original by JaidynReiman,"ElizaWy, JaidynReiman, Stephen Challener (Redshrike), Johannes Sjölund (wulax)",OGA-BY 3.0,http://opengameart.org/content/lpc-revised-character-basics https://github.com/ElizaWy/LPC/tree/main/Characters/Clothing https://opengameart.org/content/lpc-expanded-sit-run-jump-more https://opengameart.org/content/lpc-expanded-simple-shirts
torso/clothes/longsleeve/longsleeves_cuffed,original by ElizaWy; spellcast/thrust/shoot/hurt/male/standalone sleeves adapted from original by JaidynReiman,"ElizaWy, JaidynReiman, Stephen Challener (Redshrike), Johannes Sjölund (wulax)",OGA-BY 3.0,http://opengameart.org/content/lpc-revised-character-basics https://github.com/ElizaWy/LPC/tree/main/Characters/Clothing https://opengameart.org/content/lpc-expanded-sit-run-jump-more https://opengameart.org/content/lpc-expanded-simple-shirts
torso/clothes/longsleeve/scoop/female,"body by Redshrike, scoop shirt by ElizaWy derived from base; adapted to v3 bodies by bluecarrot16; climb/jump/run/sit/emote/revised combat adapted from LPC Revised by JaidynReiman","bluecarrot16, ElizaWy, JaidynReiman, Stephen Challener (Redshrike)","OGA-BY 3.0, GPL 3.0",https://opengameart.org/content/liberated-pixel-cup-lpc-base-assets-sprites-map-tiles https://opengameart.org/content/lpc-pregnancy-bases-maternity-wear https://opengameart.org/content/lpc-7-womens-shirts http://opengameart.org/content/lpc-clothing-updates https://opengameart.org/content/lpc-revised-character-basics https://github.com/ElizaWy/LPC/tree/main/Characters/Clothing https://opengameart.org/content/lpc-expanded-sit-run-jump-more https://opengameart.org/content/lpc-expanded-simple-shirts
torso/clothes/shortsleeve/shortsleeve/female,"original by ElizaWy walkcycle only; extended to all animations by adapting from longsleeve, edited to v3 bases by bluecarrot16; cleanup and climb/jump/run/sit/emote/revised combat adapted from LPC Revised by JaidynReiman","bluecarrot16, ElizaWy, JaidynReiman, Stephen Challener (Redshrike)","OGA-BY 3.0, CC-BY-SA 3.0, GPL 3.0",https://opengameart.org/content/liberated-pixel-cup-lpc-base-assets-sprites-map-tiles https://opengameart.org/content/lpc-7-womens-shirts http://opengameart.org/content/lpc-revised-character-basics http://opengameart.org/content/lpc-clothing-updates https://github.com/ElizaWy/LPC/tree/main/Characters/Clothing https://opengameart.org/content/lpc-expanded-sit-run-jump-more https://opengameart.org/content/lpc-expanded-simple-shirts
torso/clothes/shortsleeve/shortsleeve_polo,original by ElizaWy; spellcast/thrust/shoot/hurt/male adapted from original by JaidynReiman,"ElizaWy, JaidynReiman, Stephen Challener (Redshrike), Johannes Sjölund (wulax)",OGA-BY 3.0,http://opengameart.org/content/lpc-revised-character-basics https://github.com/ElizaWy/LPC/tree/main/Characters/Clothing https://opengameart.org/content/lpc-expanded-sit-run-jump-more https://opengameart.org/content/lpc-expanded-simple-shirts
torso/clothes/shortsleeve/shortsleeves/female,"original by ElizaWy, edited to v3 bases by bluecarrot16; cleanup, split sleeves, and climb/jump/run/sit/emote/revised combat adapted from LPC Revised by JaidynReiman","bluecarrot16, ElizaWy, JaidynReiman, Stephen Challener (Redshrike)","OGA-BY 3.0, CC-BY-SA 3.0, GPL 3.0",https://opengameart.org/content/liberated-pixel-cup-lpc-base-assets-sprites-map-tiles https://opengameart.org/content/lpc-7-womens-shirts http://opengameart.org/content/lpc-clothing-updates https://opengameart.org/content/lpc-revised-character-basics https://github.com/ElizaWy/LPC/tree/main/Characters/Clothing https://opengameart.org/content/lpc-expanded-sit-run-jump-more https://opengameart.org/content/lpc-expanded-simple-shirts
torso/clothes/shortsleeve/tshirt,original by ElizaWy; spellcast/thrust/shoot/hurt/male adapted from original by JaidynReiman,"ElizaWy, JaidynReiman, Stephen Challener (Redshrike), Johannes Sjölund (wulax)",OGA-BY 3.0,https://opengameart.org/content/lpc-revised-character-basics https://github.com/ElizaWy/LPC/tree/main/Characters/Clothing https://opengameart.org/content/lpc-expanded-sit-run-jump-more https://opengameart.org/content/lpc-expanded-simple-shirts
torso/clothes/shortsleeve/tshirt_buttoned,original by ElizaWy; spellcast/thrust/shoot/hurt/male adapted from original by JaidynReiman,"ElizaWy, JaidynReiman, Stephen Challener (Redshrike), Johannes Sjölund (wulax)",OGA-BY 3.0,http://opengameart.org/content/lpc-revised-character-basics https://github.com/ElizaWy/LPC/tree/main/Characters/Clothing https://opengameart.org/content/lpc-expanded-sit-run-jump-more https://opengameart.org/content/lpc-expanded-simple-shirts
torso/clothes/shortsleeve/tshirt_scoop,original by ElizaWy; spellcast/thrust/shoot/hurt/male adapted from original by JaidynReiman,"ElizaWy, JaidynReiman, Stephen Challener (Redshrike), Johannes Sjölund (wulax)",OGA-BY 3.0,http://opengameart.org/content/lpc-revised-character-basics https://github.com/ElizaWy/LPC/tree/main/Characters/Clothing https://opengameart.org/content/lpc-expanded-sit-run-jump-more https://opengameart.org/content/lpc-expanded-simple-shirts
torso/clothes/sleeveless/sleeveless2,original by ElizaWy; sleeveless adapted from original by JaidynReiman,"ElizaWy, JaidynReiman, Stephen Challener (Redshrike), Johannes Sjölund (wulax)",OGA-BY 3.0,http://opengameart.org/content/lpc-revised-character-basics https://github.com/ElizaWy/LPC/tree/main/Characters/Clothing https://opengameart.org/content/lpc-expanded-sit-run-jump-more https://opengameart.org/content/lpc-expanded-simple-shirts
torso/clothes/sleeveless/sleeveless2_cardigan,original by ElizaWy; sleeveless adapted from original by JaidynReiman,"ElizaWy, JaidynReiman, Stephen Challener (Redshrike), Johannes Sjölund (wulax)",OGA-BY 3.0,http://opengameart.org/content/lpc-revised-character-basics https://github.com/ElizaWy/LPC/tree/main/Characters/Clothing https://opengameart.org/content/lpc-expanded-sit-run-jump-more https://opengameart.org/content/lpc-expanded-simple-shirts
torso/clothes/sleeveless/sleeveless2_polo,original by ElizaWy; sleeveless adapted from original by JaidynReiman,"ElizaWy, JaidynReiman, Stephen Challener (Redshrike), Johannes Sjölund (wulax)",OGA-BY 3.0,http://opengameart.org/content/lpc-revised-character-basics https://github.com/ElizaWy/LPC/tree/main/Characters/Clothing https://opengameart.org/content/lpc-expanded-sit-run-jump-more https://opengameart.org/content/lpc-expanded-simple-shirts
torso/clothes/sleeveless/sleeveless2_vneck,original by ElizaWy; sleeveless adapted from original by JaidynReiman,"ElizaWy, JaidynReiman, Stephen Challener (Redshrike), Johannes Sjölund (wulax)",OGA-BY 3.0,http://opengameart.org/content/lpc-revised-character-basics https://github.com/ElizaWy/LPC/tree/main/Characters/Clothing https://opengameart.org/content/lpc-expanded-sit-run-jump-more https://opengameart.org/content/lpc-expanded-simple-shirts
torso/clothes/tunic,"""pirate shirt"" by MadMarcel, edited to all poses by makrohn, edited from tube-top/tanktop to sleeveless then to tunic by JaidynReiman, edits for v3 bases and further cleanup by bluecarrot16","bluecarrot16, JaidynReiman, Matthew Krohn (makrohn), Marcel van de Steeg (MadMarcel), Stephen Challener (Redshrike), Johannes Sjölund (wulax)","OGA-BY 3.0, CC-BY-SA 3.0, GPL 3.0",https://opengameart.org/content/lpc-female-orcogregoblintroll-base-walkcycle https://opengameart.org/content/lpc-curly-hair-elven-ears-white-cape-with-blue-trim-and-more http://opengameart.org/content/lpc-clothing-updates
weapon/blunt/flail,,"Benjamin K. Smith (BenCreating), bluecarrot16, Sander Frenken (castelonia)","CC-BY-SA 3.0, GPL 3.0",https://opengameart.org/content/lpc-medieval-weapons
weapon/blunt/mace,,"Johannes Sjölund (wulax), bluecarrot16","OGA-BY 3.0, CC-BY-SA 3.0",https://opengameart.org/content/lpc-medieval-fantasy-character-sprites https://opengameart.org/content/lpc-extended-weapon-animations
weapon/blunt/waraxe,,"Benjamin K. Smith (BenCreating), bluecarrot16, Sander Frenken (castelonia)","CC-BY-SA 3.0, GPL 3.0",https://opengameart.org/content/lpc-medieval-weapons
weapon/magic/crystal,,bluecarrot16,"OGA-BY 3.0+, GPL 3.0, CC-BY 4.0",https://opengameart.org/content/lpc-more-weapons
weapon/magic/gnarled,,bluecarrot16,"OGA-BY 3.0+, GPL 3.0, CC-BY 4.0",https://opengameart.org/content/lpc-more-weapons
weapon/magic/simple,"original by DrJamgo, hands switched and split into to layers by bluecarrot16","bluecarrot16, Dr. Jamgo",CC0,https://opengameart.org/content/lpc-simple-staff
weapon/polearm/halberd,,"Benjamin K. Smith (BenCreating), bluecarrot16, Sander Frenken (castelonia)","CC-BY-SA 3.0, GPL 3.0",https://opengameart.org/content/lpc-medieval-weapons
weapon/polearm/scythe,,bluecarrot16,CC-BY-SA 3.0,https://opengameart.org/content/lpc-extended-weapon-animations
weapon/polearm/spear,"original by wulax, walk animations redone by pvigier, split into layers and tweaked for v3 character bases by bluecarrot16","Pierre Vigier (pvigier), Johannes Sjölund (wulax), Inboxninja",CC-BY-SA 3.0,https://opengameart.org/content/lpc-medieval-fantasy-character-sprites https://opengameart.org/content/lpc-spear-and-shovel-reworked
weapon/ranged/crossbow,"original by drjamgo, modified for v3 character bases and split into layers by bluecarrot16","bluecarrot16, drjamgo@hotmail.com",CC0,https://opengameart.org/content/lpc-crossbow-final
weapon/sword/arming,,ElizaWy; walk and down by JaidynReiman,OGA-BY 3.0,https://github.com/ElizaWy/LPC/tree/main/Characters/Props/Sword%2001%20-%20Arming%20Sword https://opengameart.org/content/lpc-expanded-sit-run-jump-more
weapon/sword/dagger,,"bluecarrot16, Johannes Sjölund (wulax), Matthew Krohn (makrohn)","OGA-BY 3.0, CC-BY-SA 3.0, GPL 3.0",https://opengameart.org/content/lpc-medieval-fantasy-character-sprites https://opengameart.org/content/lpc-extended-weapon-animations
weapon/sword/longsword,,"Johannes Sjölund (wulax), bluecarrot16","OGA-BY 3.0, CC-BY-SA 3.0",https://opengameart.org/content/lpc-medieval-fantasy-character-sprites https://opengameart.org/content/lpc-extended-weapon-animations
weapon/sword/rapier,,"Johannes Sjölund (wulax), bluecarrot16","OGA-BY 3.0, CC-BY-SA 3.0",https://opengameart.org/content/lpc-medieval-fantasy-character-sprites https://opengameart.org/content/lpc-extended-weapon-animations
weapon/sword/saber,,"Daniel Eddeland (daneeklu), Johannes Sjölund (wulax), gr3yh47, bluecarrot16",CC-BY-SA 3.0,https://opengameart.org/content/lpc-medieval-fantasy-character-sprites https://opengameart.org/content/lpc-extended-weapon-animations
